<annotation>
	<folder>politics</folder>
	<filename>politic_symbols_43.jpg</filename>
	<path>/home/sardor/img_proc/dataset_training/finetuned-resnet50-keras/data/train/politics/politic_symbols_43.jpg</path>
	<source>
		<database>Unknown</database>
	</source>
	<size>
		<width>244</width>
		<height>244</height>
		<depth>3</depth>
	</size>
	<segmented>0</segmented>
	<object>
		<name>symbol</name>
		<pose>Unspecified</pose>
		<truncated>0</truncated>
		<difficult>0</difficult>
		<bndbox>
			<xmin>9</xmin>
			<ymin>15</ymin>
			<xmax>71</xmax>
			<ymax>117</ymax>
		</bndbox>
	</object>
	<object>
		<name>symbol</name>
		<pose>Unspecified</pose>
		<truncated>0</truncated>
		<difficult>0</difficult>
		<bndbox>
			<xmin>11</xmin>
			<ymin>133</ymin>
			<xmax>73</xmax>
			<ymax>239</ymax>
		</bndbox>
	</object>
	<object>
		<name>symbol</name>
		<pose>Unspecified</pose>
		<truncated>0</truncated>
		<difficult>0</difficult>
		<bndbox>
			<xmin>91</xmin>
			<ymin>16</ymin>
			<xmax>149</xmax>
			<ymax>116</ymax>
		</bndbox>
	</object>
	<object>
		<name>symbol</name>
		<pose>Unspecified</pose>
		<truncated>0</truncated>
		<difficult>0</difficult>
		<bndbox>
			<xmin>172</xmin>
			<ymin>20</ymin>
			<xmax>232</xmax>
			<ymax>114</ymax>
		</bndbox>
	</object>
	<object>
		<name>symbol</name>
		<pose>Unspecified</pose>
		<truncated>0</truncated>
		<difficult>0</difficult>
		<bndbox>
			<xmin>172</xmin>
			<ymin>129</ymin>
			<xmax>237</xmax>
			<ymax>230</ymax>
		</bndbox>
	</object>
	<object>
		<name>symbol</name>
		<pose>Unspecified</pose>
		<truncated>0</truncated>
		<difficult>0</difficult>
		<bndbox>
			<xmin>91</xmin>
			<ymin>129</ymin>
			<xmax>160</xmax>
			<ymax>229</ymax>
		</bndbox>
	</object>
</annotation>
