<annotation>
	<folder>politics</folder>
	<filename>politic_symbols_93.jpg</filename>
	<path>/home/sardor/img_proc/dataset_training/finetuned-resnet50-keras/data/train/politics/politic_symbols_93.jpg</path>
	<source>
		<database>Unknown</database>
	</source>
	<size>
		<width>244</width>
		<height>244</height>
		<depth>1</depth>
	</size>
	<segmented>0</segmented>
	<object>
		<name>symbol</name>
		<pose>Unspecified</pose>
		<truncated>0</truncated>
		<difficult>0</difficult>
		<bndbox>
			<xmin>5</xmin>
			<ymin>2</ymin>
			<xmax>243</xmax>
			<ymax>226</ymax>
		</bndbox>
	</object>
</annotation>
