<annotation>
	<folder>politics</folder>
	<filename>siyasi_parti_amblemleri_11.jpg</filename>
	<path>/home/sardor/img_proc/dataset_training/finetuned-resnet50-keras/data/train/politics/siyasi_parti_amblemleri_11.jpg</path>
	<source>
		<database>Unknown</database>
	</source>
	<size>
		<width>244</width>
		<height>244</height>
		<depth>3</depth>
	</size>
	<segmented>0</segmented>
	<object>
		<name>symbol</name>
		<pose>Unspecified</pose>
		<truncated>1</truncated>
		<difficult>0</difficult>
		<bndbox>
			<xmin>1</xmin>
			<ymin>1</ymin>
			<xmax>48</xmax>
			<ymax>58</ymax>
		</bndbox>
	</object>
	<object>
		<name>symbol</name>
		<pose>Unspecified</pose>
		<truncated>1</truncated>
		<difficult>0</difficult>
		<bndbox>
			<xmin>47</xmin>
			<ymin>1</ymin>
			<xmax>98</xmax>
			<ymax>59</ymax>
		</bndbox>
	</object>
	<object>
		<name>symbol</name>
		<pose>Unspecified</pose>
		<truncated>1</truncated>
		<difficult>0</difficult>
		<bndbox>
			<xmin>97</xmin>
			<ymin>1</ymin>
			<xmax>148</xmax>
			<ymax>57</ymax>
		</bndbox>
	</object>
	<object>
		<name>symbol</name>
		<pose>Unspecified</pose>
		<truncated>1</truncated>
		<difficult>0</difficult>
		<bndbox>
			<xmin>146</xmin>
			<ymin>1</ymin>
			<xmax>198</xmax>
			<ymax>59</ymax>
		</bndbox>
	</object>
	<object>
		<name>symbol</name>
		<pose>Unspecified</pose>
		<truncated>1</truncated>
		<difficult>0</difficult>
		<bndbox>
			<xmin>198</xmin>
			<ymin>1</ymin>
			<xmax>244</xmax>
			<ymax>57</ymax>
		</bndbox>
	</object>
	<object>
		<name>symbol</name>
		<pose>Unspecified</pose>
		<truncated>1</truncated>
		<difficult>0</difficult>
		<bndbox>
			<xmin>1</xmin>
			<ymin>61</ymin>
			<xmax>47</xmax>
			<ymax>119</ymax>
		</bndbox>
	</object>
	<object>
		<name>symbol</name>
		<pose>Unspecified</pose>
		<truncated>0</truncated>
		<difficult>0</difficult>
		<bndbox>
			<xmin>47</xmin>
			<ymin>60</ymin>
			<xmax>96</xmax>
			<ymax>121</ymax>
		</bndbox>
	</object>
	<object>
		<name>symbol</name>
		<pose>Unspecified</pose>
		<truncated>0</truncated>
		<difficult>0</difficult>
		<bndbox>
			<xmin>97</xmin>
			<ymin>60</ymin>
			<xmax>148</xmax>
			<ymax>121</ymax>
		</bndbox>
	</object>
	<object>
		<name>symbol</name>
		<pose>Unspecified</pose>
		<truncated>0</truncated>
		<difficult>0</difficult>
		<bndbox>
			<xmin>147</xmin>
			<ymin>60</ymin>
			<xmax>195</xmax>
			<ymax>121</ymax>
		</bndbox>
	</object>
	<object>
		<name>symbol</name>
		<pose>Unspecified</pose>
		<truncated>1</truncated>
		<difficult>0</difficult>
		<bndbox>
			<xmin>197</xmin>
			<ymin>64</ymin>
			<xmax>244</xmax>
			<ymax>121</ymax>
		</bndbox>
	</object>
	<object>
		<name>symbol</name>
		<pose>Unspecified</pose>
		<truncated>1</truncated>
		<difficult>0</difficult>
		<bndbox>
			<xmin>1</xmin>
			<ymin>122</ymin>
			<xmax>47</xmax>
			<ymax>184</ymax>
		</bndbox>
	</object>
	<object>
		<name>symbol</name>
		<pose>Unspecified</pose>
		<truncated>0</truncated>
		<difficult>0</difficult>
		<bndbox>
			<xmin>46</xmin>
			<ymin>120</ymin>
			<xmax>98</xmax>
			<ymax>185</ymax>
		</bndbox>
	</object>
	<object>
		<name>symbol</name>
		<pose>Unspecified</pose>
		<truncated>0</truncated>
		<difficult>0</difficult>
		<bndbox>
			<xmin>98</xmin>
			<ymin>123</ymin>
			<xmax>146</xmax>
			<ymax>183</ymax>
		</bndbox>
	</object>
	<object>
		<name>symbol</name>
		<pose>Unspecified</pose>
		<truncated>0</truncated>
		<difficult>0</difficult>
		<bndbox>
			<xmin>147</xmin>
			<ymin>122</ymin>
			<xmax>196</xmax>
			<ymax>184</ymax>
		</bndbox>
	</object>
	<object>
		<name>symbol</name>
		<pose>Unspecified</pose>
		<truncated>1</truncated>
		<difficult>0</difficult>
		<bndbox>
			<xmin>198</xmin>
			<ymin>121</ymin>
			<xmax>244</xmax>
			<ymax>183</ymax>
		</bndbox>
	</object>
	<object>
		<name>symbol</name>
		<pose>Unspecified</pose>
		<truncated>1</truncated>
		<difficult>0</difficult>
		<bndbox>
			<xmin>1</xmin>
			<ymin>184</ymin>
			<xmax>48</xmax>
			<ymax>244</ymax>
		</bndbox>
	</object>
	<object>
		<name>symbol</name>
		<pose>Unspecified</pose>
		<truncated>1</truncated>
		<difficult>0</difficult>
		<bndbox>
			<xmin>48</xmin>
			<ymin>185</ymin>
			<xmax>95</xmax>
			<ymax>244</ymax>
		</bndbox>
	</object>
	<object>
		<name>symbol</name>
		<pose>Unspecified</pose>
		<truncated>1</truncated>
		<difficult>0</difficult>
		<bndbox>
			<xmin>98</xmin>
			<ymin>185</ymin>
			<xmax>145</xmax>
			<ymax>244</ymax>
		</bndbox>
	</object>
	<object>
		<name>symbol</name>
		<pose>Unspecified</pose>
		<truncated>1</truncated>
		<difficult>0</difficult>
		<bndbox>
			<xmin>147</xmin>
			<ymin>184</ymin>
			<xmax>196</xmax>
			<ymax>244</ymax>
		</bndbox>
	</object>
	<object>
		<name>symbol</name>
		<pose>Unspecified</pose>
		<truncated>1</truncated>
		<difficult>0</difficult>
		<bndbox>
			<xmin>198</xmin>
			<ymin>184</ymin>
			<xmax>244</xmax>
			<ymax>243</ymax>
		</bndbox>
	</object>
</annotation>
