<annotation>
	<folder>politics</folder>
	<filename>siyasi_parti_amblemleri_12.jpg</filename>
	<path>/home/sardor/img_proc/dataset_training/finetuned-resnet50-keras/data/train/politics/siyasi_parti_amblemleri_12.jpg</path>
	<source>
		<database>Unknown</database>
	</source>
	<size>
		<width>244</width>
		<height>244</height>
		<depth>3</depth>
	</size>
	<segmented>0</segmented>
	<object>
		<name>symbol</name>
		<pose>Unspecified</pose>
		<truncated>0</truncated>
		<difficult>0</difficult>
		<bndbox>
			<xmin>33</xmin>
			<ymin>6</ymin>
			<xmax>49</xmax>
			<ymax>44</ymax>
		</bndbox>
	</object>
	<object>
		<name>symbol</name>
		<pose>Unspecified</pose>
		<truncated>0</truncated>
		<difficult>0</difficult>
		<bndbox>
			<xmin>187</xmin>
			<ymin>3</ymin>
			<xmax>214</xmax>
			<ymax>61</ymax>
		</bndbox>
	</object>
	<object>
		<name>symbol</name>
		<pose>Unspecified</pose>
		<truncated>1</truncated>
		<difficult>0</difficult>
		<bndbox>
			<xmin>156</xmin>
			<ymin>1</ymin>
			<xmax>187</xmax>
			<ymax>57</ymax>
		</bndbox>
	</object>
	<object>
		<name>symbol</name>
		<pose>Unspecified</pose>
		<truncated>1</truncated>
		<difficult>0</difficult>
		<bndbox>
			<xmin>130</xmin>
			<ymin>1</ymin>
			<xmax>156</xmax>
			<ymax>61</ymax>
		</bndbox>
	</object>
	<object>
		<name>symbol</name>
		<pose>Unspecified</pose>
		<truncated>1</truncated>
		<difficult>0</difficult>
		<bndbox>
			<xmin>107</xmin>
			<ymin>1</ymin>
			<xmax>130</xmax>
			<ymax>58</ymax>
		</bndbox>
	</object>
	<object>
		<name>symbol</name>
		<pose>Unspecified</pose>
		<truncated>1</truncated>
		<difficult>0</difficult>
		<bndbox>
			<xmin>83</xmin>
			<ymin>1</ymin>
			<xmax>107</xmax>
			<ymax>58</ymax>
		</bndbox>
	</object>
	<object>
		<name>symbol</name>
		<pose>Unspecified</pose>
		<truncated>0</truncated>
		<difficult>0</difficult>
		<bndbox>
			<xmin>49</xmin>
			<ymin>2</ymin>
			<xmax>81</xmax>
			<ymax>64</ymax>
		</bndbox>
	</object>
	<object>
		<name>symbol</name>
		<pose>Unspecified</pose>
		<truncated>0</truncated>
		<difficult>0</difficult>
		<bndbox>
			<xmin>26</xmin>
			<ymin>58</ymin>
			<xmax>52</xmax>
			<ymax>121</ymax>
		</bndbox>
	</object>
	<object>
		<name>symbol</name>
		<pose>Unspecified</pose>
		<truncated>0</truncated>
		<difficult>0</difficult>
		<bndbox>
			<xmin>53</xmin>
			<ymin>64</ymin>
			<xmax>83</xmax>
			<ymax>119</ymax>
		</bndbox>
	</object>
	<object>
		<name>symbol</name>
		<pose>Unspecified</pose>
		<truncated>0</truncated>
		<difficult>0</difficult>
		<bndbox>
			<xmin>81</xmin>
			<ymin>71</ymin>
			<xmax>108</xmax>
			<ymax>116</ymax>
		</bndbox>
	</object>
	<object>
		<name>symbol</name>
		<pose>Unspecified</pose>
		<truncated>0</truncated>
		<difficult>0</difficult>
		<bndbox>
			<xmin>108</xmin>
			<ymin>68</ymin>
			<xmax>127</xmax>
			<ymax>125</ymax>
		</bndbox>
	</object>
	<object>
		<name>symbol</name>
		<pose>Unspecified</pose>
		<truncated>0</truncated>
		<difficult>0</difficult>
		<bndbox>
			<xmin>128</xmin>
			<ymin>70</ymin>
			<xmax>160</xmax>
			<ymax>116</ymax>
		</bndbox>
	</object>
	<object>
		<name>symbol</name>
		<pose>Unspecified</pose>
		<truncated>0</truncated>
		<difficult>0</difficult>
		<bndbox>
			<xmin>158</xmin>
			<ymin>69</ymin>
			<xmax>198</xmax>
			<ymax>118</ymax>
		</bndbox>
	</object>
	<object>
		<name>symbol</name>
		<pose>Unspecified</pose>
		<truncated>0</truncated>
		<difficult>0</difficult>
		<bndbox>
			<xmin>29</xmin>
			<ymin>125</ymin>
			<xmax>58</xmax>
			<ymax>177</ymax>
		</bndbox>
	</object>
	<object>
		<name>symbol</name>
		<pose>Unspecified</pose>
		<truncated>0</truncated>
		<difficult>0</difficult>
		<bndbox>
			<xmin>59</xmin>
			<ymin>121</ymin>
			<xmax>87</xmax>
			<ymax>171</ymax>
		</bndbox>
	</object>
	<object>
		<name>symbol</name>
		<pose>Unspecified</pose>
		<truncated>0</truncated>
		<difficult>0</difficult>
		<bndbox>
			<xmin>88</xmin>
			<ymin>126</ymin>
			<xmax>109</xmax>
			<ymax>172</ymax>
		</bndbox>
	</object>
	<object>
		<name>symbol</name>
		<pose>Unspecified</pose>
		<truncated>0</truncated>
		<difficult>0</difficult>
		<bndbox>
			<xmin>109</xmin>
			<ymin>125</ymin>
			<xmax>130</xmax>
			<ymax>165</ymax>
		</bndbox>
	</object>
	<object>
		<name>symbol</name>
		<pose>Unspecified</pose>
		<truncated>0</truncated>
		<difficult>0</difficult>
		<bndbox>
			<xmin>132</xmin>
			<ymin>123</ymin>
			<xmax>154</xmax>
			<ymax>165</ymax>
		</bndbox>
	</object>
	<object>
		<name>symbol</name>
		<pose>Unspecified</pose>
		<truncated>0</truncated>
		<difficult>0</difficult>
		<bndbox>
			<xmin>154</xmin>
			<ymin>124</ymin>
			<xmax>181</xmax>
			<ymax>167</ymax>
		</bndbox>
	</object>
	<object>
		<name>symbol</name>
		<pose>Unspecified</pose>
		<truncated>0</truncated>
		<difficult>0</difficult>
		<bndbox>
			<xmin>182</xmin>
			<ymin>123</ymin>
			<xmax>202</xmax>
			<ymax>167</ymax>
		</bndbox>
	</object>
	<object>
		<name>symbol</name>
		<pose>Unspecified</pose>
		<truncated>0</truncated>
		<difficult>0</difficult>
		<bndbox>
			<xmin>24</xmin>
			<ymin>185</ymin>
			<xmax>58</xmax>
			<ymax>238</ymax>
		</bndbox>
	</object>
	<object>
		<name>symbol</name>
		<pose>Unspecified</pose>
		<truncated>0</truncated>
		<difficult>0</difficult>
		<bndbox>
			<xmin>60</xmin>
			<ymin>184</ymin>
			<xmax>87</xmax>
			<ymax>237</ymax>
		</bndbox>
	</object>
	<object>
		<name>symbol</name>
		<pose>Unspecified</pose>
		<truncated>0</truncated>
		<difficult>0</difficult>
		<bndbox>
			<xmin>87</xmin>
			<ymin>186</ymin>
			<xmax>111</xmax>
			<ymax>241</ymax>
		</bndbox>
	</object>
	<object>
		<name>symbol</name>
		<pose>Unspecified</pose>
		<truncated>1</truncated>
		<difficult>0</difficult>
		<bndbox>
			<xmin>111</xmin>
			<ymin>188</ymin>
			<xmax>136</xmax>
			<ymax>244</ymax>
		</bndbox>
	</object>
	<object>
		<name>symbol</name>
		<pose>Unspecified</pose>
		<truncated>0</truncated>
		<difficult>0</difficult>
		<bndbox>
			<xmin>138</xmin>
			<ymin>194</ymin>
			<xmax>164</xmax>
			<ymax>237</ymax>
		</bndbox>
	</object>
	<object>
		<name>symbol</name>
		<pose>Unspecified</pose>
		<truncated>0</truncated>
		<difficult>0</difficult>
		<bndbox>
			<xmin>166</xmin>
			<ymin>191</ymin>
			<xmax>189</xmax>
			<ymax>240</ymax>
		</bndbox>
	</object>
	<object>
		<name>symbol</name>
		<pose>Unspecified</pose>
		<truncated>0</truncated>
		<difficult>0</difficult>
		<bndbox>
			<xmin>192</xmin>
			<ymin>185</ymin>
			<xmax>219</xmax>
			<ymax>238</ymax>
		</bndbox>
	</object>
</annotation>
