<annotation>
	<folder>politics</folder>
	<filename>siyasi_parti_amblemleri_15.jpg</filename>
	<path>/home/sardor/img_proc/dataset_training/finetuned-resnet50-keras/data/train/politics/siyasi_parti_amblemleri_15.jpg</path>
	<source>
		<database>Unknown</database>
	</source>
	<size>
		<width>244</width>
		<height>244</height>
		<depth>3</depth>
	</size>
	<segmented>0</segmented>
	<object>
		<name>symbol</name>
		<pose>Unspecified</pose>
		<truncated>1</truncated>
		<difficult>0</difficult>
		<bndbox>
			<xmin>1</xmin>
			<ymin>6</ymin>
			<xmax>27</xmax>
			<ymax>57</ymax>
		</bndbox>
	</object>
	<object>
		<name>symbol</name>
		<pose>Unspecified</pose>
		<truncated>0</truncated>
		<difficult>0</difficult>
		<bndbox>
			<xmin>31</xmin>
			<ymin>3</ymin>
			<xmax>85</xmax>
			<ymax>82</ymax>
		</bndbox>
	</object>
	<object>
		<name>symbol</name>
		<pose>Unspecified</pose>
		<truncated>0</truncated>
		<difficult>0</difficult>
		<bndbox>
			<xmin>87</xmin>
			<ymin>6</ymin>
			<xmax>131</xmax>
			<ymax>75</ymax>
		</bndbox>
	</object>
	<object>
		<name>symbol</name>
		<pose>Unspecified</pose>
		<truncated>1</truncated>
		<difficult>0</difficult>
		<bndbox>
			<xmin>129</xmin>
			<ymin>1</ymin>
			<xmax>170</xmax>
			<ymax>75</ymax>
		</bndbox>
	</object>
	<object>
		<name>symbol</name>
		<pose>Unspecified</pose>
		<truncated>1</truncated>
		<difficult>0</difficult>
		<bndbox>
			<xmin>173</xmin>
			<ymin>1</ymin>
			<xmax>215</xmax>
			<ymax>78</ymax>
		</bndbox>
	</object>
	<object>
		<name>symbol</name>
		<pose>Unspecified</pose>
		<truncated>1</truncated>
		<difficult>0</difficult>
		<bndbox>
			<xmin>1</xmin>
			<ymin>80</ymin>
			<xmax>34</xmax>
			<ymax>167</ymax>
		</bndbox>
	</object>
	<object>
		<name>symbol</name>
		<pose>Unspecified</pose>
		<truncated>0</truncated>
		<difficult>0</difficult>
		<bndbox>
			<xmin>34</xmin>
			<ymin>80</ymin>
			<xmax>87</xmax>
			<ymax>158</ymax>
		</bndbox>
	</object>
	<object>
		<name>symbol</name>
		<pose>Unspecified</pose>
		<truncated>0</truncated>
		<difficult>0</difficult>
		<bndbox>
			<xmin>88</xmin>
			<ymin>93</ymin>
			<xmax>131</xmax>
			<ymax>159</ymax>
		</bndbox>
	</object>
	<object>
		<name>symbol</name>
		<pose>Unspecified</pose>
		<truncated>0</truncated>
		<difficult>0</difficult>
		<bndbox>
			<xmin>134</xmin>
			<ymin>92</ymin>
			<xmax>163</xmax>
			<ymax>166</ymax>
		</bndbox>
	</object>
	<object>
		<name>symbol</name>
		<pose>Unspecified</pose>
		<truncated>0</truncated>
		<difficult>0</difficult>
		<bndbox>
			<xmin>166</xmin>
			<ymin>94</ymin>
			<xmax>222</xmax>
			<ymax>149</ymax>
		</bndbox>
	</object>
	<object>
		<name>symbol</name>
		<pose>Unspecified</pose>
		<truncated>1</truncated>
		<difficult>0</difficult>
		<bndbox>
			<xmin>1</xmin>
			<ymin>168</ymin>
			<xmax>42</xmax>
			<ymax>235</ymax>
		</bndbox>
	</object>
	<object>
		<name>symbol</name>
		<pose>Unspecified</pose>
		<truncated>0</truncated>
		<difficult>0</difficult>
		<bndbox>
			<xmin>44</xmin>
			<ymin>161</ymin>
			<xmax>94</xmax>
			<ymax>230</ymax>
		</bndbox>
	</object>
	<object>
		<name>symbol</name>
		<pose>Unspecified</pose>
		<truncated>0</truncated>
		<difficult>0</difficult>
		<bndbox>
			<xmin>94</xmin>
			<ymin>167</ymin>
			<xmax>135</xmax>
			<ymax>228</ymax>
		</bndbox>
	</object>
	<object>
		<name>symbol</name>
		<pose>Unspecified</pose>
		<truncated>0</truncated>
		<difficult>0</difficult>
		<bndbox>
			<xmin>134</xmin>
			<ymin>168</ymin>
			<xmax>168</xmax>
			<ymax>221</ymax>
		</bndbox>
	</object>
	<object>
		<name>symbol</name>
		<pose>Unspecified</pose>
		<truncated>0</truncated>
		<difficult>0</difficult>
		<bndbox>
			<xmin>173</xmin>
			<ymin>167</ymin>
			<xmax>215</xmax>
			<ymax>219</ymax>
		</bndbox>
	</object>
	<object>
		<name>symbol</name>
		<pose>Unspecified</pose>
		<truncated>1</truncated>
		<difficult>0</difficult>
		<bndbox>
			<xmin>215</xmin>
			<ymin>162</ymin>
			<xmax>244</xmax>
			<ymax>225</ymax>
		</bndbox>
	</object>
</annotation>
