<annotation>
	<folder>politics</folder>
	<filename>siyasi_parti_amblemleri_97.jpg</filename>
	<path>/home/sardor/img_proc/dataset_training/finetuned-resnet50-keras/data/train/politics/siyasi_parti_amblemleri_97.jpg</path>
	<source>
		<database>Unknown</database>
	</source>
	<size>
		<width>244</width>
		<height>244</height>
		<depth>3</depth>
	</size>
	<segmented>0</segmented>
	<object>
		<name>symbol</name>
		<pose>Unspecified</pose>
		<truncated>0</truncated>
		<difficult>0</difficult>
		<bndbox>
			<xmin>36</xmin>
			<ymin>25</ymin>
			<xmax>87</xmax>
			<ymax>85</ymax>
		</bndbox>
	</object>
	<object>
		<name>symbol</name>
		<pose>Unspecified</pose>
		<truncated>0</truncated>
		<difficult>0</difficult>
		<bndbox>
			<xmin>94</xmin>
			<ymin>22</ymin>
			<xmax>145</xmax>
			<ymax>81</ymax>
		</bndbox>
	</object>
	<object>
		<name>symbol</name>
		<pose>Unspecified</pose>
		<truncated>0</truncated>
		<difficult>0</difficult>
		<bndbox>
			<xmin>147</xmin>
			<ymin>30</ymin>
			<xmax>215</xmax>
			<ymax>76</ymax>
		</bndbox>
	</object>
	<object>
		<name>symbol</name>
		<pose>Unspecified</pose>
		<truncated>0</truncated>
		<difficult>0</difficult>
		<bndbox>
			<xmin>32</xmin>
			<ymin>92</ymin>
			<xmax>85</xmax>
			<ymax>151</ymax>
		</bndbox>
	</object>
	<object>
		<name>symbol</name>
		<pose>Unspecified</pose>
		<truncated>0</truncated>
		<difficult>0</difficult>
		<bndbox>
			<xmin>64</xmin>
			<ymin>157</ymin>
			<xmax>126</xmax>
			<ymax>222</ymax>
		</bndbox>
	</object>
	<object>
		<name>symbol</name>
		<pose>Unspecified</pose>
		<truncated>0</truncated>
		<difficult>0</difficult>
		<bndbox>
			<xmin>134</xmin>
			<ymin>153</ymin>
			<xmax>169</xmax>
			<ymax>221</ymax>
		</bndbox>
	</object>
	<object>
		<name>symbol</name>
		<pose>Unspecified</pose>
		<truncated>0</truncated>
		<difficult>0</difficult>
		<bndbox>
			<xmin>97</xmin>
			<ymin>90</ymin>
			<xmax>140</xmax>
			<ymax>152</ymax>
		</bndbox>
	</object>
	<object>
		<name>symbol</name>
		<pose>Unspecified</pose>
		<truncated>0</truncated>
		<difficult>0</difficult>
		<bndbox>
			<xmin>152</xmin>
			<ymin>89</ymin>
			<xmax>203</xmax>
			<ymax>149</ymax>
		</bndbox>
	</object>
</annotation>
