<annotation>
	<folder>politics</folder>
	<filename>siyasi_parti_amblemleri_83.jpg</filename>
	<path>/home/sardor/img_proc/dataset_training/finetuned-resnet50-keras/data/train/politics/siyasi_parti_amblemleri_83.jpg</path>
	<source>
		<database>Unknown</database>
	</source>
	<size>
		<width>244</width>
		<height>244</height>
		<depth>3</depth>
	</size>
	<segmented>0</segmented>
	<object>
		<name>symbol</name>
		<pose>Unspecified</pose>
		<truncated>0</truncated>
		<difficult>0</difficult>
		<bndbox>
			<xmin>49</xmin>
			<ymin>8</ymin>
			<xmax>185</xmax>
			<ymax>231</ymax>
		</bndbox>
	</object>
</annotation>
