<annotation>
	<folder>lingerie</folder>
	<filename>lingerie_90.jpg</filename>
	<path>/home/sardor/img_proc/dataset_training/finetuned-resnet50-keras/data/train/lingerie/lingerie_90.jpg</path>
	<source>
		<database>Unknown</database>
	</source>
	<size>
		<width>244</width>
		<height>244</height>
		<depth>3</depth>
	</size>
	<segmented>0</segmented>
	<object>
		<name>lingerie</name>
		<pose>Unspecified</pose>
		<truncated>0</truncated>
		<difficult>0</difficult>
		<bndbox>
			<xmin>3</xmin>
			<ymin>129</ymin>
			<xmax>57</xmax>
			<ymax>181</ymax>
		</bndbox>
	</object>
	<object>
		<name>lingerie</name>
		<pose>Unspecified</pose>
		<truncated>0</truncated>
		<difficult>0</difficult>
		<bndbox>
			<xmin>126</xmin>
			<ymin>130</ymin>
			<xmax>183</xmax>
			<ymax>196</ymax>
		</bndbox>
	</object>
	<object>
		<name>lingerie</name>
		<pose>Unspecified</pose>
		<truncated>0</truncated>
		<difficult>0</difficult>
		<bndbox>
			<xmin>7</xmin>
			<ymin>2</ymin>
			<xmax>61</xmax>
			<ymax>81</ymax>
		</bndbox>
	</object>
	<object>
		<name>lingerie</name>
		<pose>Unspecified</pose>
		<truncated>0</truncated>
		<difficult>0</difficult>
		<bndbox>
			<xmin>135</xmin>
			<ymin>8</ymin>
			<xmax>188</xmax>
			<ymax>96</ymax>
		</bndbox>
	</object>
	<object>
		<name>lingerie</name>
		<pose>Unspecified</pose>
		<truncated>0</truncated>
		<difficult>0</difficult>
		<bndbox>
			<xmin>197</xmin>
			<ymin>37</ymin>
			<xmax>239</xmax>
			<ymax>102</ymax>
		</bndbox>
	</object>
	<object>
		<name>lingerie</name>
		<pose>Unspecified</pose>
		<truncated>0</truncated>
		<difficult>0</difficult>
		<bndbox>
			<xmin>205</xmin>
			<ymin>124</ymin>
			<xmax>236</xmax>
			<ymax>187</ymax>
		</bndbox>
	</object>
	<object>
		<name>lingerie</name>
		<pose>Unspecified</pose>
		<truncated>0</truncated>
		<difficult>0</difficult>
		<bndbox>
			<xmin>69</xmin>
			<ymin>115</ymin>
			<xmax>119</xmax>
			<ymax>154</ymax>
		</bndbox>
	</object>
</annotation>
