<annotation>
	<folder>lingerie</folder>
	<filename>lingerie_199.jpg</filename>
	<path>/home/sardor/img_proc/dataset_training/finetuned-resnet50-keras/data/train/lingerie/lingerie_199.jpg</path>
	<source>
		<database>Unknown</database>
	</source>
	<size>
		<width>244</width>
		<height>244</height>
		<depth>3</depth>
	</size>
	<segmented>0</segmented>
	<object>
		<name>lingerie</name>
		<pose>Unspecified</pose>
		<truncated>0</truncated>
		<difficult>0</difficult>
		<bndbox>
			<xmin>38</xmin>
			<ymin>163</ymin>
			<xmax>166</xmax>
			<ymax>222</ymax>
		</bndbox>
	</object>
	<object>
		<name>lingerie</name>
		<pose>Unspecified</pose>
		<truncated>0</truncated>
		<difficult>0</difficult>
		<bndbox>
			<xmin>25</xmin>
			<ymin>61</ymin>
			<xmax>140</xmax>
			<ymax>137</ymax>
		</bndbox>
	</object>
</annotation>
