<annotation>
	<folder>lingerie</folder>
	<filename>lingerie_187.jpg</filename>
	<path>/home/sardor/img_proc/dataset_training/finetuned-resnet50-keras/data/train/lingerie/lingerie_187.jpg</path>
	<source>
		<database>Unknown</database>
	</source>
	<size>
		<width>244</width>
		<height>244</height>
		<depth>3</depth>
	</size>
	<segmented>0</segmented>
	<object>
		<name>lingerie</name>
		<pose>Unspecified</pose>
		<truncated>0</truncated>
		<difficult>0</difficult>
		<bndbox>
			<xmin>79</xmin>
			<ymin>100</ymin>
			<xmax>181</xmax>
			<ymax>186</ymax>
		</bndbox>
	</object>
	<object>
		<name>lingerie</name>
		<pose>Unspecified</pose>
		<truncated>0</truncated>
		<difficult>0</difficult>
		<bndbox>
			<xmin>75</xmin>
			<ymin>3</ymin>
			<xmax>172</xmax>
			<ymax>79</ymax>
		</bndbox>
	</object>
</annotation>
