<annotation>
	<folder>lingerie</folder>
	<filename>lingerie_123.jpg</filename>
	<path>/home/sardor/img_proc/dataset_training/finetuned-resnet50-keras/data/train/lingerie/lingerie_123.jpg</path>
	<source>
		<database>Unknown</database>
	</source>
	<size>
		<width>244</width>
		<height>244</height>
		<depth>3</depth>
	</size>
	<segmented>0</segmented>
	<object>
		<name>lingerie</name>
		<pose>Unspecified</pose>
		<truncated>0</truncated>
		<difficult>0</difficult>
		<bndbox>
			<xmin>14</xmin>
			<ymin>70</ymin>
			<xmax>161</xmax>
			<ymax>147</ymax>
		</bndbox>
	</object>
	<object>
		<name>lingerie</name>
		<pose>Unspecified</pose>
		<truncated>0</truncated>
		<difficult>0</difficult>
		<bndbox>
			<xmin>38</xmin>
			<ymin>151</ymin>
			<xmax>165</xmax>
			<ymax>216</ymax>
		</bndbox>
	</object>
</annotation>
