<annotation>
	<folder>lingerie</folder>
	<filename>lingerie_67.jpg</filename>
	<path>/home/sardor/img_proc/dataset_training/finetuned-resnet50-keras/data/train/lingerie/lingerie_67.jpg</path>
	<source>
		<database>Unknown</database>
	</source>
	<size>
		<width>244</width>
		<height>244</height>
		<depth>3</depth>
	</size>
	<segmented>0</segmented>
	<object>
		<name>lingerie</name>
		<pose>Unspecified</pose>
		<truncated>0</truncated>
		<difficult>0</difficult>
		<bndbox>
			<xmin>63</xmin>
			<ymin>133</ymin>
			<xmax>169</xmax>
			<ymax>184</ymax>
		</bndbox>
	</object>
	<object>
		<name>lingerie</name>
		<pose>Unspecified</pose>
		<truncated>0</truncated>
		<difficult>0</difficult>
		<bndbox>
			<xmin>68</xmin>
			<ymin>54</ymin>
			<xmax>164</xmax>
			<ymax>120</ymax>
		</bndbox>
	</object>
</annotation>
