<annotation>
	<folder>gun</folder>
	<filename>gun_51.jpg</filename>
	<path>/home/sardor/img_proc/dataset_training/finetuned-resnet50-keras/data/train/gun/gun_51.jpg</path>
	<source>
		<database>Unknown</database>
	</source>
	<size>
		<width>244</width>
		<height>244</height>
		<depth>3</depth>
	</size>
	<segmented>0</segmented>
	<object>
		<name>gun</name>
		<pose>Unspecified</pose>
		<truncated>0</truncated>
		<difficult>0</difficult>
		<bndbox>
			<xmin>23</xmin>
			<ymin>7</ymin>
			<xmax>243</xmax>
			<ymax>234</ymax>
		</bndbox>
	</object>
</annotation>
