<annotation>
	<folder>gun</folder>
	<filename>weapon_229.jpg</filename>
	<path>/home/sardor/img_proc/dataset_training/finetuned-resnet50-keras/data/train/gun/weapon_229.jpg</path>
	<source>
		<database>Unknown</database>
	</source>
	<size>
		<width>244</width>
		<height>244</height>
		<depth>3</depth>
	</size>
	<segmented>0</segmented>
	<object>
		<name>gun</name>
		<pose>Unspecified</pose>
		<truncated>0</truncated>
		<difficult>0</difficult>
		<bndbox>
			<xmin>7</xmin>
			<ymin>121</ymin>
			<xmax>144</xmax>
			<ymax>227</ymax>
		</bndbox>
	</object>
	<object>
		<name>gun</name>
		<pose>Unspecified</pose>
		<truncated>1</truncated>
		<difficult>0</difficult>
		<bndbox>
			<xmin>104</xmin>
			<ymin>1</ymin>
			<xmax>234</xmax>
			<ymax>107</ymax>
		</bndbox>
	</object>
	<object>
		<name>gun</name>
		<pose>Unspecified</pose>
		<truncated>0</truncated>
		<difficult>0</difficult>
		<bndbox>
			<xmin>148</xmin>
			<ymin>137</ymin>
			<xmax>239</xmax>
			<ymax>240</ymax>
		</bndbox>
	</object>
</annotation>
