<annotation>
	<folder>plaka</folder>
	<filename>araba_plaka_96.jpg</filename>
	<path>/home/sardor/img_proc/dataset_training/finetuned-resnet50-keras/data/train/plaka/araba_plaka_96.jpg</path>
	<source>
		<database>Unknown</database>
	</source>
	<size>
		<width>219</width>
		<height>117</height>
		<depth>3</depth>
	</size>
	<segmented>0</segmented>
	<object>
		<name>plaka</name>
		<pose>Unspecified</pose>
		<truncated>0</truncated>
		<difficult>0</difficult>
		<bndbox>
			<xmin>4</xmin>
			<ymin>4</ymin>
			<xmax>217</xmax>
			<ymax>115</ymax>
		</bndbox>
	</object>
</annotation>
