<annotation>
	<folder>plaka</folder>
	<filename>araba_plaka_64.jpg</filename>
	<path>/home/sardor/img_proc/dataset_training/finetuned-resnet50-keras/data/train/plaka/araba_plaka_64.jpg</path>
	<source>
		<database>Unknown</database>
	</source>
	<size>
		<width>232</width>
		<height>128</height>
		<depth>3</depth>
	</size>
	<segmented>0</segmented>
	<object>
		<name>plaka</name>
		<pose>Unspecified</pose>
		<truncated>0</truncated>
		<difficult>0</difficult>
		<bndbox>
			<xmin>8</xmin>
			<ymin>8</ymin>
			<xmax>228</xmax>
			<ymax>121</ymax>
		</bndbox>
	</object>
</annotation>
