<annotation>
	<folder>bloody</folder>
	<filename>gore_13.jpg</filename>
	<path>/home/sardor/img_proc/dataset_training/finetuned-resnet50-keras/data/train/bloody/gore_13.jpg</path>
	<source>
		<database>Unknown</database>
	</source>
	<size>
		<width>244</width>
		<height>244</height>
		<depth>3</depth>
	</size>
	<segmented>0</segmented>
	<object>
		<name>bloody</name>
		<pose>Unspecified</pose>
		<truncated>1</truncated>
		<difficult>0</difficult>
		<bndbox>
			<xmin>1</xmin>
			<ymin>150</ymin>
			<xmax>57</xmax>
			<ymax>243</ymax>
		</bndbox>
	</object>
	<object>
		<name>bloody</name>
		<pose>Unspecified</pose>
		<truncated>1</truncated>
		<difficult>0</difficult>
		<bndbox>
			<xmin>8</xmin>
			<ymin>1</ymin>
			<xmax>76</xmax>
			<ymax>83</ymax>
		</bndbox>
	</object>
	<object>
		<name>bloody</name>
		<pose>Unspecified</pose>
		<truncated>0</truncated>
		<difficult>0</difficult>
		<bndbox>
			<xmin>111</xmin>
			<ymin>157</ymin>
			<xmax>235</xmax>
			<ymax>236</ymax>
		</bndbox>
	</object>
	<object>
		<name>bloody</name>
		<pose>Unspecified</pose>
		<truncated>1</truncated>
		<difficult>0</difficult>
		<bndbox>
			<xmin>85</xmin>
			<ymin>1</ymin>
			<xmax>137</xmax>
			<ymax>86</ymax>
		</bndbox>
	</object>
	<object>
		<name>bloody</name>
		<pose>Unspecified</pose>
		<truncated>0</truncated>
		<difficult>0</difficult>
		<bndbox>
			<xmin>107</xmin>
			<ymin>72</ymin>
			<xmax>233</xmax>
			<ymax>170</ymax>
		</bndbox>
	</object>
</annotation>
